old,new
εξπελλευτοι,εξπελλευται
προφερομενην,προφερομενης
διοσκωρου,διοσκορου
αφροτιτης,αφροδιτης
ημισιαν,ημισειαν
παρεξωμεν,παρεξομεν
αρτευσαι,αρδευσαι
απολημφθειη,απολειφθειη
τουτον,τουτου
ενοχος,ενοχοι
απολλων,απολλωνα
εγγυο͂μαι,εγγυωμαι
ομοσα,ωμοσα
ποιμενον,ποιμενα
η,η
εδεξαμεν,εδεξαμην
μισθωσεως,μισθωσει
πετιου,πεδιου
πεποιπημαι,πεποιημαι
κιριου,κυριου
κυρος,κυρου
μ,μη
δεις,δις
επαγγελειας,επαγγελιας
βασιλειδα,βασιλιδα
τεσσερα,τεσσαρα
βεβια,βεβαια
εννατης,ενατης
συμφονει,συμφωνει
εγγραψα,εγραψα
εννατης,ενατης
ωφιλη,οφειλη
τηστε,τησδε
σαλκαμαρικο,σαλγαμαρικον
καθʼ,κατʼ
πολιτια,πολιτεια
καθοσιωμενου,καθωσιωμενου
καθοσιωμενου,καθωσιωμενου
τρισκαιδεκατης,τρεισκαιδεκατης
τρισκαιδεκατης,τρεισκαιδεκατης
το περιγιγνομενον,το περιγιγνομενον
αυτουργησαμεν,αυτουργησομεν
μεριδαν,μεριδα
εργασειαν,εργασιαν
συμφονωι,συμφωνει
συνφωνι,συμφωνει
βασιλιας,βασιλειας
συ,συν
ανωνιακων,αννωνιακων
κληρονομων,κληρονομους
σων,σους
των,τους
καθʼ,κατʼ
των,τους
αφʼ,εφʼ
κληρονομοις,κληρονομους
πωλουντων,πωλουντας
παρουσα,παρουση
παρουσα,παρουση
εποικειον,εποικιον
καθʼ,κατʼ
παριδεν,παρειδον
αγγια,αγγεια
εραιας,ερεας
μεμεσωμενας,μεμεστωμενας
καγω,και εγω
προσιμι,προσειμι
ελεινου,ελεεινου
λαφαιραγωγον,λαφυραγωγον
υπελειπαν,υπελιπον
επειδεδωκα,επιδεδωκα
διδασκαλιν,διδασκαλιαν
κτητορ,κτητωρ
κτητορ,κτητωρ
δε,τε
εκλησιας,εκκλησιας
αφροτιτης,αφροδιτης
εκλησιας,εκκλησιας
πρησβυτερος,πρεσβυτερος
μαρτιρος,μαρτυρος
καθοληκης,καθολικης
κτετωρ,κτητωρ
τησπεινης,δεσποινης
ειδησειν,ειδησιν
επειδεδωκα,επιδεδωκα
κτετωρ,κτητωρ
διδασκαλειαν,διδασκαλιαν
επειδεδωκα,επιδεδωκα
αποδιατοχου,αποδιαδοχου
προ,προς
ην,ην
επτακοσιας,επτακοσιων
θαυμασιοτατης,θαυμασιοτητος
προτοκομητων,πρωτοκωμητων
αυτο͂ν,αυτων
διαφορο,διαφορων
κτητορον,κτητορων
μεγαλεπολεως,μεγαλοπολεως
μετανιας,μετανοιας
διακονιτων,διακονητων
μοναζζοντων,μοναζοντων
κανονας,κανονος
πεντακεσχιλιας,πεντακισχιλιας
εικοστης,εικοσταις
αποδιξιν,αποδειξιν
τεμοσιου,δημοσιου
κτητορο,κτητορων
αποτηξιν,αποδειξιν
γραματεως,γραμματεως
επτακοσιας,επτακοσιων
μετανιας,μετανοιας
θεοσεββεστατων,θεοσεβεστατων
πεντακεσχιλειας,πεντακισχιλιας
εικοστες,εικοσταις
συ,συν
αποτιξιν,αποδειξιν
τεμοσιο,δημοσιου
αποτεκξιν,αποδειξιν
σπουδασα,σπουδασαι
του,του
αλλεληγγυης,αλληλεγγυης
εννηνοχαμεν,ενηνοχαμεν
των,τον
θιον,θειον
των,τον
υιων,υιον
ομοσα,ωμοσα
τυ,τη
αλλεληγγυης,αλληλεγγυης
νικο͂ντος,νικωντος
μελισουργους,μελισσουργους
αλλεληγγυης,αλληλεγγυης
βιλισαριο,βελισαριου
ευρηθηναι,ευρεθηναι
οιον,οιας
απολυμφθειη,απολημφθειη
αγιωτατη,αγιωτατης
εκδεδωκαμενι,εκδεδωκαμεν
πολιος,πολεως
το,τω
προτετακμενω,προτεταγμενω
δηναμιν,δυναμιν
εμπεριεχουμενην,εμπεριεχομενην
εμφυτευσι,εμφυτευσει
παροση,παρουση
απελησα,απελυσα
πρεσβετυρος,πρεσβυτερος
οικονωμω,οικονομω
πρεσβετερω,πρεσβυτερω
εκλησιας,εκκλησιας
απελησα,απελυσα
χειρει,χειρι
τεντυριτο͂ν,τεντυριτων
απελησα,απελυσα
αβρααμιου,αβρααμιω
οικονομου,οικονομω
πρεσβυτερου,πρεσβυτερω
αρχιτιακονος,αρχιδιακονος
φοβαμμωνι,φοιβαμμωνι
ασαλευτων,ασαλευτον
τω,το
τω,το
φοβαμμωνα,φοιβαμμωνα
τω,το
ενδιξασθαι,ενδειξασθαι
εργασειαν,εργασιαν
καθʼ,κατʼ
τουτων,τουτον
εμβολην,εμβολης
την,της
αυτα,αυτων
εκφορια,εκφοριων
τα,των
παπνουθιου,παπνουθιος
θυγατραις,θυγατρασι
θαυμασιωτητος,θαυμασιοτητος
δικαιων,δικαιοις
οσα,οσαι
σπερμαβολησαι,σπερμοβολησαι
ετιων,ετων
εικας,εικαδι
εννατης,ενατης
εννατης,ενατης
απολλος,απολλως
μοιν,μοι
ος,ως
αξιοθεις,αξιωθεις
ιερημιας,ιερημια
αυτοιυ,αυτου
με,μη
απολωνοπολιτου,απολλωνοπολιτου
μερισει,μερεσι
υποκαδο,υποκατω
ενοικειων,ενοικιων
ενοικειον,ενοικιον
εννατου,ενατου
τεταρτης,τεταρτη
μισθωση,μισθωσει
ομογνησιων,ομογνησιω
αδελφων,αδελφω
ελκιστην,ελκυστην
σεσιδηρομενην,σεσιδηρωμενην
αρταβας,αρταβης
στοιχι,στοιχει
μισθωσι,μισθωσει
ειπεντων,ειποντων
μισθωσι,μισθωσει
ελκιστης,ελκυστης
ευτεκνεια,ευτεκνια
δυσπραγεια,δυσπραγια
δανιστη,δανειστη
δανιον,δανειον
τε,δε
ευρεσιλογιας,ευρησιλογιας
καγω,και εγω
δανιου,δανειου
δευτερα,δευτερας
εννατης,ενατης
ει,εις
εθεμεν,εθεμην
αυρηλιως,αυρηλιος
ακωρωσιαν,ακυρωσια
την,τη
ακωρωσιαν,ακυρωσια
μαρτηρω,μαρτυρω
την,τη
απωλωλεναι,απολωλεναι
χαρτοις,χαρταις
εκκλησιια,εκκλησια
οφιλω,οφειλω
συμφονι,συμφωνει
τηστε,τησδε
χηρεουσα,χηρευουσα
δεδανισθαι,δεδανεισθαι
εξειθραν,εξεδραν
γαμαρας,καμαρας
ενοικειου,ενοικιου
παραμυθειας,παραμυθιας
ανεπιδανιστον,ανεπιδανειστον
δανιω,δανειω
θεμην,εθεμην
εμ,εν
πορνιας,πορνειας
τριω,τριων
ασελγιας,ασελγειας
ιλικρινη,ειλικρινη
αψικωριας,αψικοριας
σωφρονει,σωφρονι
καταφρονεσης,καταφρονησης
μετʼ,μεθʼ
καθʼ,κατʼ
τω,το
εσθησεις,αισθησεις
υπαγορευσα,υπηγορευσα
υβρι,υβρει
σωφρονει,σωφρονι
δε,τε
πλημμηληματων,πλημμεληματων
δεδειως,δεδιως
ενοικειον,ενοικιον
πικουλιω,πεκουλιω
ληγαδον,ληγατον
παραμυθειαν,παραμυθιαν
καθʼ,κατʼ
ειλεικρινη,ειλικρινη
ανελλειπως,ανελλιπως
ληγαδον,ληγατον
ληγαδον,ληγατον
μακρωγηραιη,μακρογηραια
ουνομα,ονομα
τιχειζει,τειχιζει
πολιτια,πολιτεια
καθοσιωμενου,καθωσιωμενου
προτοκωμητη,πρωτοκωμητη
επ]ληρωθη,επ]ληρωθη
αποχην,αποχη
κης,γης
στιχοι,στοιχει
εγγραψα,εγραψα
καννος,κανονος
κληρο,κληρω
νεμεσιανω,νεμεσιανος
σιτου,σιτω
τη,τε
φθαλ,φθλα
ην,σην
πεποιημε,πεποιημαι
γεουχως,γεουχος
μερος,μερους
μερος,μερους
μι,μοι
σκρινιαρις,σκρινιαριος
στοιχι,στοιχει
εγγραψα,εγραψα
ειδωτος,ειδοτος
τκας,τκας
",",","
.,.
αγνατων,αγνατων
α,α
σαςκ,σαςκ
τας,τας
κ,κ
προσυδρευειν,προσεδρευειν
ακαταγνοστως,ακαταγνωστως
ζητουμενον,ζητουμενος
απολημφθειη,απολειφθειη
το,τω
ομοσα,ωμοσα
θειων,θειον
δεκανειας,δεκανιας
προσυδρευειν,προσεδρευειν
ακαταγνοστως,ακαταγνωστως
παραστασις,παραστασεις
προσοπων,προσωπων
απολυμφθειη,απολειφθειη
παρεξει,παρεξω
το,τω
προφερομενο,προφερομενην
ομοσα,ωμοσα
δεκανειας,δεκανιας
ποιμενων,ποιμενας
προσυδρευειν,προσεδρευειν
παραστασις,παραστασεις
προσοπων,προσωπων
ακαταγνοστως,ακαταγνωστως
παραδωσωμεν,παραδωσομεν
ευρεθειη,ευρεθειεν
ομοσα,ωμοσα
βικτωρι,βικτωρα
υιων,υιον
εγγη,εγγυη
απολυμφθειη,απολημφθειη
ψενθαησιν,ψενθαησεως
εικοστες,εικοστης
εκατεστης,εκατοστης
μετανιας,μετανοιας
προτοκομητου,πρωτοκωμητου
τεσερες,τεσσαρες
μετανιας,μετανοιας
διακκονων,διακονων
υποδεταγμενων,υποτεταγμενων
φοιβαμμων,φοιβαμμωνος
φοιβαμμων,φοιβαμμωνος
φοιβαμμων,φοιβαμμωνος
πινουτιων,πινουτιωνος
"τετ⟦ρα⟧,","τετ⟦ρα⟧,"
νομης,μονης
καθʼ,κατʼ
υπεραιωσεως,περαιωσεως
τριακας,τριακαδι
αρταβες,αρταβας
καθʼ,κατʼ
καθʼ,κατʼ
φ,φ
αυτοις,αυτον
πεμπτη,πεμπτου
ον,ο
απρακτω,απρακτου
χοιρομαγειρος,χοιρομαγειρον
ισομεριας,ισομερειας
αγγια,αγγεια
αγγιον,αγγειον
πωλυση,πωληση
λυστρικω,ληστρικω
εκωντες,εκοντες
νεουμηνια,νουμηνια
ενιεω,ενιαιω
ενεστωσοι,ενεστωση
υποτεταγμεναι,υποτεταγμενη
ομβρυζους,οβρυζους
αριθμων,αριθμον
των,τον
υπειτεταγμενων,υποτεταγμενων
ομβρυζους,οβρυζους
δε,τε
τεσαρων,τεσσαρων
επισυναγωμενων,επισυναγομενων
διμοιριεων,διμοιριαιων
προσωπων,προσωπον
κατυπεγραψα,καθυπεγραψα
ομβρυζα,οβρυζα
διμοιριεων,διμοιριαιων
επισυναγωμενων,επισυναγομενων
ορμομενοι,ορμωμενοι
διμοιριεους,διμοιριαιους
τανε,δανει
καικομισθαι,κεκομισθαι
καθοσιομενου,καθωσιωμενου
αλλελεγγυης,αλληλεγγυης
διμοιριεων,διμοιριαιων
αυθεντοι,αυθενται
βασιλειδα,βασιλιδα
πανευδεμονα,πανευδαιμονα
πολει,πολιν
αποδωται,αποδοται
καθοσιομενω,καθωσιωμενω
εραιας,ερεας
νειομηνια,νεομηνια
τουτου,τουτο
ει,εις
συμφωνι,συμφωνει
νειομηνια,νεομηνια
αρτευσεως,αρδευσεως
προστοκωμενης,προσδοκουμενης
περ,υπερ
σεγγραφη,συγγραφη
οφιλη,οφειλη
οφιλη,οφειλη
επαγομενον,επαγομενω
αρτευσεως,αρδευσεως
περισυνου,περισυνω
σιτοφορου,σιτοφορω
τρισκαιδεκατης,τρεισκαιδεκατης
αλωησεως,αλοησεως
συμφωνι,συμφωνει
οφιλη,οφειλη
διακονου,διακονος
θεοδοσιου,θεοδοσιος
χολο,χολος
μελισουργω,μελισσουργω
ρμδ,ρμε
στεφανο,στεφανος
εραιας,ερεας
εμμετρησεν,εμετρησεν
τοθεντων,δοθεντων
απα,απα
ορους,ορος
μυλοναρχη,μυλωναρχη
πλοιον,πλεον
ηρακλειος,ηρακλειου
λοτικια,λωδικια
σιτηρ,σιδηρωματου
ορους,ορος
ορους,ορος
ποταμιτοις,ποταμιταις
το,τον
δοθεντων,δοθεντος
εισεπραχθεντος,εισπραχθεντος
ορους,ορος
παρα,παρα
σιτρχ,σιδηροχαλκεως
κλιδιων,κλειδιων
ψαλμωτος,ψαλμωδος
πακτονοποιος,πακτωνοποιος
πακτονοποιοι,πακτωνοποιοι
γινονται,γινονται
ο,ο
ῥωγευθεντος,ῥογευθεντος
αγγια,αγγεια
αγγιου,αγγειου
τα,οι
αγγιου,αγγειου
χαλκοτυπων,χαλκοτυπων
μελισεως,μελισσεως
πακτονοποιων,πακτωνοποιων
διασημωτατου,διασημοτατου
αρχιατρος,αρχιιατρου
εαυτον,εμαυτον
καθʼ,κατʼ
τητε,τηδε
καθʼ,κατʼ
τητε,τηδε
τητε,διαδοχους
αηδεια,αηδια
ευρεσιλογιας,ευρησιλογιας
προσωμιλειν,προσομιλειν
ωμολογησεν,ωμολογησαν
υτοις,αυτοις
επει,επι
ετελιωθι,ετελειωθη
αυτης,αυτοις
ενδεαισθαι,ενδεεσθαι
γηρω,γηρα
αυριλια,αυρηλια
οικουσα,οικουση
εικας,εικαδι
ενοικειων,ενοικιων
καγω,και εγω
καγω,και εγω
κἂν,και αν
κἂν,και αν
ευρεσιλογιας,ευρησιλογιας
σημια,σημεια
σημια,σημεια
καθʼ,κατʼ
ενοικειον,ενοικιον
κκα[τ]α,κκα[τ]α
καγω,και εγω
συνεργαζασθαι,συνεργαζεσθαι
ενδειξασθαι,ενδεξασθαι
καματερων,καματηρων
ομοδυμαδον,ομοθυμαδον
συμπνεειν,συμπνειν
ωφελειμοις,ωφελιμοις
δανια,δανεια
εις,εις
καταγομενος,καταγομενοι
προτεταγμενας,προτεταγμενης
αρμοττονταα,αρμοττοντα
συνπνεειν,συνπνειν
οφελειμοις,ωφελιμοις
γογγισμου,γογγυσμου
εικας,εικαδι
αποσταινη,αποσταιη
ευρεσιλογιας,ευρησιλογιας
ωρμωμενος,ορμωμενος
δεικασασθαι,δικασασθαι
κεφαλεω,κεφαλαιω
ανηνοχλητον,ανενοχλητον
πειθομε,πειθομαι
ευρηθεις,ευρεθεις
εντολιμεω,εντολιμαιω
διαγον,διαγων
εντολιμεω,εντολιμαιω
πραγματευτες,πραγματευτης
δεδανισθαι,δεδανεισθαι
δεδανισθαι,δεδανεισθαι
επικερδιας,επικερδειας
εξων,εξον
λωτικιο,λωδικιου
ρεους,χρεους
σημια,σημεια
καθολιγου,καθολικου
εκδανισθεντων,εκδανεισθεντων
αραβαρχη,αλαβαρχη
τ,τ
παραμυθειας,παραμυθιας
ταυτας,ταυτα
προσηγεγες,προσηγαγες
παραμυθειας,παραμυθιας
γραμματειον,γραμματιον
διεραυνησω,διερευνησω
παραμυθειας,παραμυθιας
παραμυθειας,παραμυθιας
παραμυθειας,παραμυθιας
τρισκαιδεκατης,τρεισκαιδεκατης
κτηκμα,κτηκμα
εννατης,ενατης
πολλακεις,πολλακις
συντινοντα,συντεινοντα
καθʼ,κατʼ
ευγνομονησαι,ευγνωμονησαι
αρτευσεως,αρδευσεως
τρισκαιδεκατης,τρεισκαιδεκατης
αηδεια,αηδια
εχωμεν,εχομεν
πεπισμενοι,πεπεισμενοι
ακαταγνοστως,ακαταγνωστως
ποιησωμεν,ποιησομεν
περικυκλωθεν,περικυκλοθεν
ετοιμοι,ετοιμως
προειπαμεν,προειπομεν
φοιβαμμων,φοιβαμμωνος
αγροφυλακη,αγροφυλακες
ποιμηνες,ποιμενες
ομοσαμεν,ωμοσαμεν
εγγεγραμενοις,εγγεγραμμενοις
πασει,πασι
γραματα,γραμματα
αγροφυλακοι,αγροφυλακες
ταυτη,ταυτην
ομοσαμεν,ωμοσαμεν
θιον,θειον
οργον,ορκον
θεμενον,θεμενων
ωμολογια,ομολογια
μαρτηρω,μαρτυρω
ωμολογια,ομολογια
θημενων,θεμενων
ομολογιαν,ομολογια
δεομενο,δεομενου
καθʼ,κατʼ
καθʼ,κατʼ
αληθεινον,αληθινον
αποκαταλεπτου,αποκαταληπτου
νουνεχιας,νουνεχειας
γεναμενα,γενομενα
καθʼ,κατʼ
λωγιωτατω,λογιωτατω
εμποδειζειν,εμποδιζειν
ενηργουντες,ενεργουντες
επραιτευσεν,επραιδευσεν
καθʼ,κατʼ
βαζανοις,βασανοις
απητησας,απαιτησας
ελεινοτατων,ελεεινοτατων
ευκλεστατων,ευκλεεστατων
προσπιπτωμεν,προσπιπτομεν
διδασκωμεν,διδασκομεν
συννημμενας,συνημμενας
προικο͂ͅον,προικωον
δικαιοπραγεια,δικαιοπραγια
αγαλλωνται,αγαλλονται
τυρανικως,τυραννικως
επραιτευσαν,επραιδευσαν
σικνα,σιγνα
εξυπερετησαι,εξυπηρετησαι
ουκ’,ουχ
ουκ’,ουχ
διδασκωμεν,διδασκομεν
καρτουμενος,κρατουμενος
ητι,ητοι
κατελειπεν,κατελιπεν
ομιλησα,ωμιλησα
πισματι,πεισματι
ημερον,ημεραν
πισματα,πεισματα
εθεσπιζαν,εθεσπισαν
τηντε,τηνδε
βαχω,βακχω
"στιχαμαφορια*,","στιχαμαφορια*,"
τη πετια,τη πετια
αδικημενοις,ηδικημενοις
παση,πασι
παγκτισω,παγκτιστω
αμφοτερον,αμφοτερων
αρραβο͂νος,αρραβωνος
επιτοθεντος,επιδοθεντος
πεφανε,πεφηνε
αμφωτερον,αμφοτερων
ετοξε,εδοξε
τον,των
αμφωτερων,αμφοτερων
εγραφον,εγγραφον
προιγωων,προικωον
νομον,νομων
προιριμενω,προειρημενω
ταξν,ταξιν
τον,των
γαινωνιαν,κοινωνιαν
επιστιλατο,επεστειλατο
προειρειμενου,προειρημενου
προειρειμενου,προειρημενου
απεκρεψεν,απεκρυψεν
προιριμενω,προειρημενω
αυτο͂ν,αυτων
εξετο͂ν,εξαιτων
κοσμιοτατης,κοσμιωτατης
εμνηστευσατω,εμνηστευσατο
μνηστιας,μνηστειας
τη πετια,τη πετια
"στιχαμαφορια*,","στιχαμαφορια*,"
αδικημενοις,ηδικημενοις
παση,πασι
παγκτισω,παγκτιστω
αμφοτερον,αμφοτερων
αρραβο͂νος,αρραβωνος
επιτοθεντος,επιδοθεντος
πεφανε,πεφηνε
αμφωτερον,αμφοτερων
ετνα,εδνα
ετνα,εδνα
ετοξε,εδοξε
τον,των
αμφωτερων,αμφοτερων
εγραφον,εγγραφον
προιγωων,προικωον
νομον,νομων
προιριμενω,προειρημενω
ταξν,ταξιν
τον,των
γαινωνιαν,κοινωνιαν
επιστιλατο,επεστειλατο
προειρειμενου,προειρημενου
προειρειμενου,προειρημενου
απεκρεψεν,απεκρυψεν
προιριμενω,προειρημενω
αυτο͂ν,αυτων
εξετο͂ν,εξαιτων
κοσμιοτατης,κοσμιωτατης
εμνηστευσατω,εμνηστευσατο
μνηστιας,μνηστειας
αναιρηθεντος,αναιρεθεντος
προσιμι,προσειμι
θεου,θειου
αντεοπολιτη,ανταιοπολιτη
ευρουσιν,ευρωσιν
εινα,ινα
ευζωειας,ευζωιας
οικου,οικον
εδανισαμεθα,εδανεισαμεθα
θερμοτερης,θερμοτερας
καμεινον,καμινον
καθʼ,κατʼ
επραιτευσεν,επραιδευσεν
εισπραξεως/*,εισπραξεως/*
φροντιειη,φροντισειη
δεσποτιαν,δεσποτειαν
καν,και αν
ενη,ενι
ημελλεν,εμελλεν
κερδενειν,κερδαινειν
του,τους
πασην,πασιν
μαρτυρον,μαρτυρω
προτης,πρωτης
ενδεεις,ενδεεσι
καθεισμα,καθισμα
βασιλειδος,βασιλιδος
βασιλειδα,βασιλιδα
τον,των
οιον,οιου
προσηνενοχαμεν,προσενηνοχαμεν
υπατιαν,υπατειαν
αχρει,αχρι
τεσσαρεισκαιδεκατης,τεσσαρεσκαιδεκατης
ουδενει,ουδενι
μετεωρεισμου,μετεωρισμου
ῥαδιουργειας,ῥαδιουργιας
ομολογειας,ομολογιας
προδιορεισθεισι,προδιορισθεισι
ουδενει,ουδενι
πορεισθεισης,πορισθεισης
επωμνυμεθα,επομνυμεθα
δε,τε
ανηχθεισης,αναχθεισης
καταφανες,καταφανεις
σεμημειωμαι,σεσημειωμαι
σεμημειωμαι,σεσημειωμαι
οκτακισχειλιας,οκτακισχιλιας
πεντακισχειλιας,πεντακισχιλιας
πεντακισχειλιας,πεντακισχιλιας
προτοκωμητης,πρωτοκωμητης
στυχι,στοιχει
εραιας,ερεας
τω,του
λογιστηκρκιου,λογιστηκρκιου
εραιας,ερεας
οβρυσεικ,οβρυζικου
φολετρου,φορετρου
λογωγραφω,λογογραφω
παλλατινω,παλατινω
ιμπετιμεντα,ιμπεδιμεντα
φολετρον,φορετρον
*,*
ελαιου,ελαιου
γηδια,γηδιων
ιωσηφιω,ιωσηφιου
ιωσηφιω,ιωσηφιου
βικτορι,βικτορος
ανδρεου,ανδρεα
διαφορον,διαφορων
καλαντικ,καλανδικων
ελαιοπωλ,ελαιοπωλη
τινι,δεινι
ωα,ωων
υπο,απο
σιγγολλαριος,σιγγουλαριος
σιγγολλαριω,σιγγουλαριω
θεοδοσιω,θεοδοσιου
γενναιωτατων,γενναιοτατων
παρηγωριω,παρηγοριω
παραμυθειας,παραμυθιας
τινι,δεινι
συμπλογης,συμπλοκης
νουμιτων,νουμιδων
εραιας,ερεας
τρεισκαιδεκατης,τρισκαιδεκατης
*,*
ελαιου,ελαιου
γηδια,γηδιων
ιωσηφιω,ιωσηφιου
ιωσηφιω,ιωσηφιου
βικτορι,βικτορος
ανδρεου,ανδρεα
διαφορον,διαφορων
καλαντικ,καλανδικων
ελαιοπωλ,ελαιοπωλη
τινι,δεινι
ωα,ωων
υπο,απο
σιγγολλαριος,σιγγουλαριος
σιγγολλαριω,σιγγουλαριω
θεοδοσιω,θεοδοσιου
πεκυσιω,πεκυσιου
πεκυσιω,πεκυσιου
γενναιωτατων,γενναιοτατων
παρηγωριω,παρηγοριω
παραμυθειας,παραμυθιας
τινι,δεινι
συμπλογης,συμπλοκης
νουμιτων,νουμιδων
εραιας,ερεας
τρεισκαιδεκατης,τρισκαιδεκατης
μηνας,μηνα
μηνας,μηνα
μηνας,μηνα
μηνας,μηνα
μηνας,μηνα
μηνας,μηνα
ζημειας,ζημιας
ταλαιπωρη,ταλαιπωρος
τιμιοτατον,τιμιωτατον
χρεοστουμενον,χρεωστουμενον
επερωτησα,επηρωτησα
βορινη,βορεινη
μαρτηρια,μαρτυρια
στιχι,στοιχει
λοιστρικω,ληστρικω
γενναιωτατων,γενναιοτατων
γυναικαν,γυναικα
γεωργος,γεωργου
μισθωτης,μισθωτου
αξιωθις,αξιωθεις
γεωργο,γεωργος
μισθιο,μισθιος
τον θειον,τον θειον
ευρηθηναι,ευρεθηναι
ευρηθειη,ευρεθειη
επηρτημμενω,επηρτημενω
τουτω,τουτου
εγγυο͂μαι,εγγυωμαι
ιωαννο,ιωαννης
ιωαννο,ιωαννης
ομοσαμεν,ωμοσαμεν
παρ,παρα
αλωησεως,αλοησεως
τουτον,τουτων
γεωργως,γεωργος
συμφονει,συμφωνει
αξιοθεις,αξιωθεις
ιδοτης,ειδοτος
μοι,μη
οφιλη,οφειλη
σεμνιον,σεμνειον
αγιοτατη,αγιωτατη
ηνεωγμενο,ανεωγμενον
απηλειωτην,απηλιωτην
δομουσθαι,δομεισθαι
αμφ’εβαλλετε,αμφιεβαλλετε
ωμνυς,ομνυς
"*,","*,"
ενταγι,ενταγι
ωμολογησα.,ωμολογησα.
πιθωμαι,πειθομαι
τω,το
δε,τε
καθ’,κατʼ
ανηνεχθεισαν,ανενεχθεισαν
προσημανθεισαν,προσημανθεισης
δε,τε
ωφειλεται,οφειληται
"*,","*,"
ενταγι,ενταγι
ωμολογησα.,ωμολογησα.
πιθωμαι,πειθομαι
τω,το
δε,τε
καθ’,κατʼ
ανηνεχθεισαν,ανενεχθεισαν
προσημανθεισαν,προσημανθεισης
δε,τε
ωφειλεται,οφειληται
καθ’,κατʼ
καρηοτων,καρυωτων
σεκουντινου,σεκουνδινου
τρις,τρεις
αλλεληγγυης,αλληλεγγυης
εννατης,ενατης
καθʼ,κατʼ
αγγια,αγγεια
ξεστω,ξεστων
εθειμα,εθιμα
εν,εις
εννατης,ενατης
προκορατορος,προκουρατορος
προκορατορος,προκουρατορος
ημων,υμων
ημιν,υμιν
φοιβαμμων,φοιβαμμωνος
.,.
αυρηλιων,αυρηλιοι
ο,οι
πεκυσιου,πεκυσιος
αλλεληγγυης,αλληλεγγυης
δικαιων,δικαιοις
μονης,μονη
ημων,υμων
προγωνου,προγονου
καθʼ,κατʼ
προγωνου,προγονου
αυτον,αυτο
βορινον,βορεινον
καθʼ,κατʼ
δισχειλια,δισχιλια
εννατης,ενατης
αγιοσυνη,αγιωσυνη
ειτοτος,ειδοτος
εποικειω,εποικιω
χειραν,χειρα
εθεμεν,εθεμην
χειρογραφειαν,χειρογραφιαν
ομοσα,ωμοσα
χειρογραφεια,χειρογραφια
τρισκαιδεκατης,τρεισκαιδεκατης
αρτευσεως,αρδευσεως
πεττακιον,πιττακιον
ειδωτος,ειδοτος
εκβολην,εκβολης
τα,της
ενεχθεισης,ενεχθεισας
επιστολμα,επισταλμα
καθʼ,κατʼ
θεραπενιδας,θεραπαινιδας
ευτακτης,ευτακτου
αρραδιουργητως,αραδιουργητως
προωνομασθεισων,προονομασθεισων
θεραπενιδας,θεραπαινιδας
ευτακτης,ευτακτου
αρραδιουργητως,αραδιουργητως
προωνομασθεισων,προονομασθεισων
συνεκεσιω,συνοικεσιω
σεναφθηναι,συναφθηναι
μοναστηριων,μοναστηριον
μονιρυ,μονηρη
εξελλαχθαι,εξηλλαχθαι
κοληοντος,κωλυοντος
αναξαι,εναξαι
δικαστηριων,δικαστηριω
εδνον,εδνων
λογου,λογω
εθημεν,εθεμην
ισακιου,ισακιος
προκεμενος,προκειμενος
μεν,μοι
περηλυσιν,περιλυσιν
τουτον,ταυτην
τον,την
το,την
τε,δε
βιων,βιον
των,τον
ενηκοντος,ανηκοντος
εντειλομεν,εντελλομεν
καλεσαι,καλεση
δανισασθαι,δανεισασθαι
κατʼ,καθʼ
ακκοπην,εκκοπην
διδομει,διδωμι
εννατης,ενατης
σης,ση
της,τη
εννατης,ενατης
σαραπαμωνος,σαραπαμμωνος
ανυδρον,ανυδρου
γεωργησιν,γεωργησειν
εργασειαν,εργασιαν
ερεισθε,αιρεισθε
βελεσαριου,βελισαριου
τω,ω
εγγυο͂μαι,εγγυωμαι
εκαστους,εκαστου
ενεχομενους,ενεχομενου
συναλαγματι,συναλλαγματι
ζητουμενον,ζητουμενος
φρεαδος,φρεατος
.,.
εγγραψα,εγραψα
ειη,ειην
θιον,θειον
ωρκον,ορκον
ομοσα,ωμοσα
εκκλεινοντες,εκκλινοντες
ουερανου*,ουερανου*
παου,παου
*,*
κκληρονομοι,κκληρονομοι
μαριας,μαρια
αγρυπτιστως,αγρυπνιστως
βουλεσθαι,βουλεσθε
λογοποιειαν,λογοποιιαν
προνομια,προνομεια
επη,επι
καν,και αν
καν,και αν
ακριβιας,ακριβειας
επαρτημενω,επηρτημενω
λογου,λογω
ειδε,ειτε
ῥωγας,ῥογας
οφιληματι,οφειληματι
γραματα,γραμματα
οφιλη,οφειλη
ωφειλη,οφειλη
ετου,ετους
τρισκαιδεκατης,τρεισκαιδεκατης
πολιτια,πολιτεια
τρισκαιδεκατης,τρεισκαιδεκατης
τρισκαιδεκατης,τρεισκαιδεκατης
τεσσερα,τεσσαρα
νομισματια,νομισματιων
ος,ως
κερατιων,κερατια
προτοκωμητης,πρωτοκωμητης
της,τοις
προτοκομητης,πρωτοκομητης
προτοκωμητης,πρωτοκωμητης
στιχι,στοιχει
λογο,λογω
προτοκωμητης,πρωτοκωμητης
νουμιτων,νουμιδων
ληματων,λημματων
ολον,ολων
και,και
ανελλειπως,ανελλιπως
καθʼ,κατʼ
επι,επει
πινα,πεινα
εχαριζατο,εχαρισατο
τεσσερα,τεσσαρα
νομω,νομου
εφʼ,επʼ
αναστροπην,αναστροφην
θεοφιλος,θεοφιλου
ημα,ημας
δανισται,δανεισται
αγγια,αγγεια
δανια,δανεια
δανιστου,δανειστου
δανια,δανεια
πραιτευομενους,πραιδευομενους
δροξιμα,τρωξιμα
χειμο͂νι,χειμωνι
υπολελιπται,υπολελειπται
νικητου,ανικητου
α̈δη,αιδη
αγουσταλιε,αυγουσταλιε
αφωρισας,αφορισας
ποδαλγεια,ποδαλγια
απρακος,απρακτος
τουτωον,τουτων
επηριας,επηρειας
ανομαλιας,ανωμαλιας
ελεινοτητα,ελεεινοτητα
βασιλεικην,βασιλικην
ανελλειπως,ανελλιπως
συμφονικην,συμφωνικην
ανελλειπως,ανελλιπως
προσιμι,προσειμι
μητε,μηδε
δυσφημειας,δυσφημιας
αληθεινω,αληθινω
εινεκα,ενεκα
καγω,και εγω
προσιμι,προσειμι
λεηλατηθησαν,ελεηλατηθησαν
ιδον,ειδον
αθλειοι,αθλιοι
δημωται,δημοται
πρωτοκομητης,πρωτοκωμητης
πραιτωριανο͂ν,πραιτωριανων
ιουστινιανος,ιουστινιανου
επει,επι
αβακειον,αβακιον
επιξις,επειξις
ηναγκασθην,ηναγκασθη
πολλην,πολλη
κυκλωθεν,κυκλοθεν
κωτικος,κωδικος
εννατου,ενατου
κωτικα,κωδικα
ανουφιου,ανουφιος
συμφονη,συμφωνει
αξιοθεις,αξιωθεις
ειτοτος,ειδοτος
μοι,μη
ερμαυως,ερμαυωτος
ωφιλη,οφειλη
σενγραφη,συγγραφη
οφιλειν,οφειλειν
τω,το
ερημειτων,ερημιτων
αμνυμονευτου,αμνημονευτου
προγωνου,προγονου
βουλομαι,βουλωμαι
ο,ην
ενοικειου,ενοικιου
καθ’ʼ,καθʼ
τρισχειλια,τρισχιλια
βουλεσθαι,βουλεσθε
το,τον
ποιμεν,ποιμην
γραματα,γραμματα
ειδωτος,ειδοτος
τρισκαιδεκατου,τρεισκαιδεκατου
δεκανειας,δεκανιας
.,.
αξιωθις,αξιωθεις
λαμβανωμεν,λαμβανομεν
σου,σε
παρεξωμεν,παρεξομεν
μανδρας,μανδρων
τας,των
αρηλιος,αυρηλιος
μεμισθωμαρ,μεμισθωμαι
αλλεληγγυης,αλληλεγγυης
.,.
.,.
αυτω,αυτο
αλλων,αλλοις
τω,το
συντελειαν,συντελειας
την,της
ταις,των
εραιας,ερεας
πεπλιμενας,πεπλυμενας
δισσην,δισση
ομοτυπον,ομοτυπος
τον,των
της,τοις
πηγαιο,πηγαιω
αναβολικου,αναβολικω
τρις,τρεις
χιρειν,χαιρειν
τε,σε
μι,μοι
μικρης,μικρας
εξεταζαι,εξετασαι
ου,ο
ενοικειω,ενοικιω
αεργεια,αεργια
αποδεδοσθαι,αποδιδοσθαι
λειτουργιας,λειτουργιων
σιταρχειας,σιταρχιας
αναστασια,αναστασιαν
εναγκος,εναγχος
ζο͂ντα,ζωντα
τηκ [σ]ηκ,τηκ [σ]ηκ
διηκορευσα,διηγορευσα
ασελγιας,ασελγειας
οφελιμοις,ωφελιμοις
χωρεις,χωρις
ευρεσιλογιας,ευρησιλογιας
καταφρονεσαις,καταφρονησαις
μετʼ,μεθʼ
τη,η
ειδυιης,ειδυιας
αδιουτορ,αδιουτωρ
ομολογει,ομολογει
προσομειλειν,προσομιλειν
εικας,εικαδι
λογου,λογω
διαισιν,διεσιν
χρυσταις,χρησταις
τε,δε
διαισεως,διεσεως
τουτε,τουδε
παρουσα,παρουση
καθʼ,κατʼ
χαλατριων,χαλαδριων
βουλεσθε,βουλησθε
αναποδικτως,αναποδεικτως
ανατολος,ανατολιος
θυμενου,θεμενου
αγγια,αγγεια
αγγια,αγγεια
ευρεσιλογιας,ευρησιλογιας
παρουσα,παρουση
γεναμενω,γενομ
γραμματιω,γραμματειω
εκδανισασθαι,εκδανεισασθαι
χιρας,χειρας
χιρος,χειρος
δεδανισθαι,δεδανεισθαι
αναποστητως,αναποστατως
ῥαδηουργιας,ῥαδιουργιας
υμειν,υμιν
γραμματιον,γραμματει
αυρηλις,αυρηλιος
οκτακισχειλιων,οκτακισχιλιων
καθʼ,κατʼ
περιτετειχεισμενον,περιτετειχισμενον
αδειαλειπτως,αδιαλειπτως
δισακις,δισσακις
ταυτα,τουτο
τρισακις,τρισσακις
τον,το
καθʼ,κατʼ
αγγια,αγγεια
παρεξωμεν,παρεξομεν
παρεξωμεν,παρεξομεν
υπερειδομενοι,υπερειδομενοις
αλληλαναδωχων,αλληλαναδοχων
ῥεον,ῥεων
οκλ,οκλ
καρπου του,καρπου του
τρισκαιδεκατης,τρεισκαιδεκατης
των,ων
καθʼ,κατʼ
νεοφυτιον,νεοφυτειον
σπερμαβολιαν,σπερμοβολιαν
φιλοκαλεσω,φιλοκαλησω
καθʼ,κατʼ
συνκομιζης,συνκομιδης
καθʼ,κατʼ
καθʼ,κατʼ
μυξαιας,μυξεας
καθʼ,κατʼ
φοινκος,φοινικος
καθʼ,κατʼ
δεκατρις,δεκατρεις
καθʼ,κατʼ
αγγια,αγγεια
λεμψανης,λαμψανης
τεσσαρας,τεσσαρα
εσται,εστω
αξιωθις,αξιωθεις
γραματα,γραμματα
ειτοτος,ειδοτος
ελαωσι,ελαιωσι
με,με
τε,δε
διαισεως,διεσεως
φερουσα,φερουσα
σιγγουλλαριου,σιγγουλαριου
εννατης,ενατης
ου,ου
κεινω,εκεινω
κατʼ,καθʼ
αφροτιτης,αφροδιτης
τον,των
πετια,πεδια
φθαλ,φθλα
πεποιπημαι,πεποιημαι
διοσκωρου,διοσκορου
παγαρχον,παγαρχος
των,τα
διοσκωρου,διοσκορου
φοιβαμμων,φοιβαμμωνος
τεσσαρησκαιδεκατης,τεσσαρεσκαιδεκατης
τον,τα
αξειωθεις,αξιωθεις
ποθινοτητα,ποθεινοτητα
τεσερα,τεσσαρα
αληλεγ’γυης,αλληλεγ’γυης
οφιλω,οφειλω
προγεγραμενος,προγεγραμμενος
εικουσι,εικοσι
τεσερα,τεσσαρα
καθʼ,κατʼ
αποδωσεως,αποδοσεως
ομολογια,ομολογιαν
ομειλη,οφειλη
συνονης,συνωνης
επιγωνης,επιγονης
μερος,μερη
αυτοις,αυτους
χιμωνι,χειμωνι
ενδηματα,ενδυματα
σπερμοβαλιας,σπερμοβολιας
ανδρου,ανυδρου
οφικιαλιου,οφφικιαλιου
γεωργιγην,γεωργικην
σευστλου,σευτλου
ατιλογιας,αντιλογιας
τιχα,διχα
ομολογησα,ωμολογησα
μηνα,μηνας
προνοηητης,προνοητης
στιχι,στοιχει
μισθωσεως,μισθωσει
της,τη
χειραν,χειρα
απραγειας,απραγιας
φιλοπτωχωταταν,φιλοπτωχοτατην
συμ,συν
αφροτιδης,αφροδιτης
κομενταρισιου,κομμενταρησιου
κομητικο͂ν,κωμητικων
μελισουργος,μελισσουργος
εραιας,ερεας
χρυσονου,χρυσωνου
ωα,ωων
ωα,ωων
λατωμο,λατομου
ωα,ωων
βοττος,βοττου
βοττος,βοττου
ωα,ωων
ωα,ωων
τυρια,τυριων
ωα,ωων
ταριχια,ταριχιων
δημοσιεων,δημοσιευων
κονον,κονων
μελισουργος,μελισσουργος
χαλκωτυπος,χαλκοτυπος
κορευς,κουρευς
ῥαπτη,ῥαπτης
αγγια,αγγεια
εποικειωτων,εποικιωτων
καν,και αν
παρρουσιαν,παρουσιαν
χαμε,χαμαι
επικεια,επικεια
ορκω,ορκω
"λιβελλους,","λιβελλους,"
κενοτομιαν,καινοτομιαν
μητεμιαν,μηδεμιαν
μουσα,μουση
επιεικιαν,επιεικειαν
ημων,υμων
της,τοις
καγω,και εγω
συνβιου,συμβιου
κενοτομιαν,καινοτομιαν
μητεμιαν,μηδεμιαν
αντιρητικους,αντιρρητικους
κενοτομιαν,καινοτομιαν
ηδικτα,εδικτα
ανατεταγμενου,αναδεδεγμενου
οτι,οτε
τουτοις,τουτους
κενοτομιαν,καινοτομιαν
εφ’,επʼ
εργαλιων,εργαλειων
αγιωταττω,αγιωτατω
εταιρον,ετερον
κατ’,καθʼ
αφροντιστος,αφροντιστως
μεσιτιαν,μεσιτειαν
λελοχεναι,λελογχεναι
λελοχεναι,λελογχεναι
αμπελοφοριμο,αμπελοφοριμου
εκτοσμου,εκδοσιμου
εκτοστου,εκδοτου
ενοικειου,ενοικιου
καθʼ,κατʼ
παραδοσης,παραδωσης
ολιγωρησεν,ωλιγωρησεν
ειποτος,ειποντος
ελθοτος,ελθοντος
πεισω,πειθω
κομες,κομης
υπεγορευσα,υπηγορευσα
πασει,πασι
πεπισμενος,πεπεισμενος
τιχι*,τιχι*
συ,συ
σοφια,σοφια
σαιου,σαιου
"σοφια,","σοφια,"
σοφια,σοφια
βικ[τ]οκρκ,βικ[τ]οκρκ
"σοφια,","σοφια,"
σοφια,σοφια
σοφια,σοφια
απολλως,απολλως
τετρ]αεικοστον·,τετρ]αεικοστον·
χρυσοχοικω,χρυσοχοικω
γνυκου,κνηκου
εννατης,ενατης
στυχι,στοιχει
γνηκου,κνηκου
κορνηλιος,κορνηλιου
χρυσουχοικω,χρυσοχοικω
γνυκου,κνηκου
κορνηλιος,κορνηλιου
εξεδοκα,εξεδοθη
αυτω,αυτο
τω,το
ωσει,ωσι
κατομεριδου,κατωμεριδου
ωα,ωων
τυρια,τυριων
πραιτοριου,πραιτωριου
ανηλθοντος,ανελθοντος
ωα,ωων
ταυρινο,ταυρινω
εντολας,εντολων
δομεστικο,δομεστικος
επιλεξα,επιλεξα
ελεοτερον,ελεοτερον
παρʼ εμκοκυ,παρʼ εμκοκυ
μκοκυκ,μκοκυκ
εν,εν
γεραιοτητην,γεραιοτητα
εκαθεισα,εκαθισα
ευσεβον,ευσεβες
αποληθηναι,απολυθηναι
καταστησατο,κατεστησατο
ων,α
κενους,γενους
εμο,εμοι
συμβουλαιων,συμβολαιων
γυναικια,γυναικεια
οθωνια,οθονια
γυναικιον,γυναικειον
καλλινκου,καλλινικου
καν,και αν
γυναικιον,γυναικειον
εξων,εξον
θεσπιζαι,θεσπισαι
επελθοτας,επελθοντας
ς*,ς*
κυρω,κυρου
εννενηκοντα,ενενηκοντα
εγραφα,εγραψα
αρταβ,αρταβ
κομεως,κομμεως
μεθʼ,μετʼ
καταπλασε,καταπλασσε
θηλικα,θηλυκα
χειμονικα,χειμωνικα
μελαις,μελας
θηλικα,θηλυκα
θηλικα,θηλυκα
θηλικα,θηλυκα
θηλικον,θηλυκον
παλως,παλωτος
δημοσιεων,δημοσιων
αλελεγγυης,αλληλεγγυης
κορευς,κουρευς
φυλαττιν,φυλαττειν
ευαγι,ευαγει
διακιμενω,διακειμενω
πληρωθις,πληρωθεις
αγορεον,αγοραιον
εμαι,εμε
εχιν,εχειν
επιδη,επειδη
προφασι,προφασει
αποστιλας,αποστειλας
μεθοδιαν,μεθοδειαν
ευλαβια,ευλαβεια
ανυσχυρον,ανισχυρον
φυλαττιν,φυλαττειν
στοιχι,στοιχει
ετιθεις,αιτηθεις
αυριλιος,αυρηλιος
αιτιθις,αιτηθεις
αφροτιδην,αφροδιτην
εινα,ινα
εινα,ινα
απαιτησαν,απαιτησαι
παραμπεμφθεισης,παραπεμφθεισης
εκμπεμψαι,εκπεμψαι
σοφοτατο,σοφωτατου
αφαιρο͂ντες,αφαιρουντες
ευφροσυνων,ευφροσυνω
εου,εμου
φοιβαμμων,φοιβαμμωνος
βορρα,βορραν
κυκλωθεν,κυκλοθεν
ογδον,ογδοον
τα,τας
τεσσαρα,τεσσαρας
και,και
καθοσιωμενον,καθωσιωμενον
χηρεουσα,χηρευουση
εχαριζατο,εχαρισατο
προδυρομενοι,παροδυρομενοι
δανιστης,δανειστης
διδασκωμεν,διδασκομεν
νουμιων,νουμμιων
ευσημειας,ευσημιας
αισθητας,εσθητας
επιβαλιν,επιβαλειν
απερεστατων,απεριστατων
κιμηλιοι,κειμηλιοι
πανοικτισται,πανοικτιστοι
ημων,υμων
ευσφλαγχνοι,ευσπλαγχνοι
αθλειωτατα,αθλιωτατα
αληθεινου,αληθινου
διδασκαλειας,διδασκαλιας
ουκ,ουχ
τηληκαυτης,τηλικαυτης
ασυχη,ατυχη
θλειψιν,θλιψιν
ομωνημιαν,ομωνυμιαν
καθεικετευοντες,καθικετευοντες
δεσποτεια,δεσποτειαν
παρακλεισθε,παρακαλεισθε
σωφοις,σοφοις
σωφοτεροις,σοφωτεροις
μεγαλλην,μεγαλην
ατροφειαν,ατροφιαν
τεχνες,τεχνης
ενομιζεν,ενομισεν
δια,διο
κερατια,κερατιων
εννατης,ενατης
εννατης,ενατης
καθοσιωμενος,καθωσιωμενος
πισταλμα,επισταλμα
θιας,θειας
εξπελευτου,εξπελλευτου
κομενταρησιου,κομμενταρησιου
πυρκοφυλακος,πυργοφυλακος
συνηθιο͂ν,συνηθειων
τον,των
ο͂ν,ων
εσημμανεν,εσημανεν
τε,δε
ηλθαν,ηλθον
ηλθαν,ηλθον
μοι,μη
τω,το
καν,και αν
επαρηλθεν,παρηλθεν
αηδειζομαι,αηδιζομαι
υφορθωσιν,υπορθωσιν
κἂν,και αν
εβδοματος,εβδομαδος
λαβουσιν,λαβωσιν
οχληθησαν,ωχληθησαν
τω,το
αφροτιδης,αφροδιτης
παρεγγελθην,παρηγγελθην
καγω,και εγω
ουκ,ουχ
λαβιν,λαβειν
υγιενων,υγιαινων
πασα,παση
ευρεθηδε,ευρεθητε
ειδοτον,ειδοτων
γεωργος,γεωργον
ι*νδικτιονος,ι*νδικτιονος
ξενοδοχιου,ξενοδοχειου
ασφαλεαν,ασφαλειαν
ξενοδοχιον,ξενοδοχειον
ενοχως,ενοχος
ειη,ειην
ομεσα,ωμοσα
ορκων,ορκον
ιδοτος,ειδοτος
υιπερ,υπερ
εργασειαν,εργασιαν
ογκιαν,ουγκιαν
γεωργον,γεωργιον
στοιχοι,στοιχει
τη,της
απολωτος,απολλωτος
εξοις,εξης
κληρονομιδου,κληρονομιδιου
σεσιμειωμαι,σεσημειωμαι
σεσιμειωμαι,σεσημειωμαι
σεσιμειωμαι,σεσημειωμαι
στοιχου,στοιχει
σεσιμειωμαι,σεσημειωμαι
σεσιμειωμαι,σεσημειωμαι
σεσιμειωμαι,σεσημειωμαι
σεσημιωμαι,σεσημειωμαι
σηρενος,σερηνος
σεσημιωμαι,σεσημειωμαι
κορνηλιος,κορνηλιου
πλοιο,πλοιον
αλεξαδρειας,αλεξανδρειας
μονοστηριου,μοναστηριου
σεσιμειωμαι,σεσημειωμαι
σεσιμιωμαι,σεσημειωμαι
ῥαχη,ῥαχηλ
σεσιμιωμαι,σεσημειωμαι
σεσιμιωμαι,σεσημειωμαι
κορνηλιος,κορνηλιου
δευδερας,δευτερας
δημμσιων,δημοσιων
ημσου,ημισυ
διμερον,διμοιρον
νομτισμα,νομισμα
νομτισμα,νομισμα
διμερον,διμοιρον
νομτισμα,νομισμα
νομτισμα,νομισμα
δευδερας,δευτερας
δημμοσιων,δημοσιων
νομτισμα,νομισμα
νομτισμα,νομισμα
νομτισμα,νομισμα
νομτισμα,νομισμα
νομτισμα,νομισμα
νομτισμα,νομισμα
ασφαλιαν,ασφαλειαν
τα,το
εγραφα,εγραψα
απετηθεντα,απαιτηθεντα
νοταρριων,νοταριων
συνηθιων,συνηθειων
μινος,μινου
βαφευς,βαφεως
διακονου,διακονος
οικονομου,οικονομος
διακονου,διακονος
αναγνωστου,αναγνωστης
διαλαλεια,διαλαλια
διακειμενων,διακειμενω
δικρητου,δεκρητου
οφιλεις,οφειλεις
.,.
.,.
αυτης,αυτη
αποθηκης,αποθηκη
αυτης,αυτη
αποθηκης,αποθηκη
μεμισθωμαι,μεμισθωμεθα
αναιοπολιτων,ανταιοπολιτων
αδελφωτητι,αδελφοτητι
αντιου,ανταιου
σπορδουλου,σπορτουλου
στιχει,στοιχει
τρεια,τρια
θειω,θειων
ενοικειου,ενοικιου
ενοικειον,ενοικιον
ενοικειον,ενοικιον
πεντακισχειλια,πεντακισχιλια
ληθη,λησθη
αιδαισιμων,αιδεσιμων
προσκυνηση,προσκυνησει
ενταγιου,ενταγιω
χωματεπικτη,χωματεπεικτη
διαπισματος,διαπεισματος
κωμα,κομα
νταριου,νταριου
εδεξαμεν,εδεξαμην
αρταβας,αρταβαι
εδεξαμεν,εδεξαμην
μηνας,μηνα
γενεματος,γενηματος
μετρου,μετρω
συν,σην
κερατιων,κερατιων
γραμματιων,γραμματιον
ιωαννου,ιωαννη
δευρω,δευρο
τα,των
εμ,εν
σαβινιανω,σαβινιανου
κολλουθος,κολλουθου
οικτειρμοις,οικτιρμοις
χαριζασθαι,χαρισασθαι
θεσπιζαι,θεσπισαι
ηληκια,ηλικια
εξων,εξον
εβδελαξαμην,εβδελυξαμην
καγω,και εγω
φλαυιων,φλαυιου
διατυπωνισι,διατυπωθεισι
πατρολωοις,πατρολοοις
αρβας,αρβας
ινδικτιονος,ινδικτιωνος
τριακωντα,τριακοντα
ινδικτιονος,ινδικτιωνος
αξιοθεις,αξιωθεις
εντακιον,ενταγιον
μοι,μη
